sku,title,description,price,stock,image_link,brand,ean,delivery_time
A00090,"TEKOO Luftentfeuchter, Heimentfeuchter, Raumentfeuchter, (90W, LCD, 35dB Schlafmodus)","""TEKOO Luftentfeuchter: Leiser Schlafmodus, Automatische Abschaltung & Tragbares Design ®C Hohe Effizienz & Vielseitig f®πr ein Angenehmes Wohnklima.

Vielseitige Anwendung f®πr Jeden Raum: Der Lufttrockner sorgt bemerkbar f®πr zuverl?ssige Entfeuchtung in Innenr?umen wie K®πche, Wohn-, Schlaf- und Badezimmer sowie Keller. Auch gr??ere R?ume und Renovierungen in Wohnr?umen stellen f®πr den Entfeuchter kein Problem dar. Geeignet f®πr Keller, Schlafzimmer, Wohnzimmer, B®πros, K®πchen, Badezimmer, Waschk®πchen und Schuppen, Sie k?nnen sie ®πberall platzieren. Dies hat sich als hervorragende L?sung f®πr nasse W?nde/modrigen Geruch/Schimmel/Kondensation/feuchte Kleidung erwiesen.

Tragbares und Kompaktes Design f®πr Einfache Handhabung: Dieser kompakte Luftentfeuchter misst 36*21*15cm. Im Vergleich zu ?hnlichen Luftentfeuchtern auf dem Markt verf®πgt dieser tragbare Luftentfeuchter ®πber eine verbesserte Wassertankkapazit?t, wodurch Sie weniger Probleme mit dem h?ufigen Ablassen von Wasser haben. Perfekt f®πr den Einsatz als Schlafzimmer-Luftentfeuchter, Badezimmer-Luftentfeuchter und Keller-Luftentfeuchter.

Leiser Schlaf und Farbenfrohes Atmosph?renlicht f®πr Entspannte N?chte: Unsere Luftentfeuchter f®πr Schlafzimmer sind mit einem leisen 35-dB-Schlafmodus und einem Hochleistungsmodus ausgestattet, um Ihren unterschiedlichen Bed®πrfnissen gerecht zu werden. Der Bass-Schlafmodus erm?glicht Ihnen ungest?rtes Schlafen und Lernen. Und dieser Luftentfeuchter mit automatischer Atmosph?renbeleuchtung schafft eine s®π?e und romantische Nachtatmosph?re. Sie k?nnen auch Ihre Lieblingsfarbe ausw?hlen oder diese deaktivieren.

Automatische Abschaltung f®πr Sorgenfreie Nutzung: Dieser Luftentfeuchter verf®πgt ®πber eine automatische Abschaltung, wenn der Wassertank voll ist, sodass Sie ihn beruhigt verwenden k?nnen, auch wenn Sie nicht zu Hause sind. Um das Benutzererlebnis zu verbessern, ist der TEKOO Luftentfeuchter mit einem LCD-Display ausgestattet, das die Umgebungsfeuchtigkeit und die Innentemperatur der Maschine anzeigt, sodass Sie die Innenluftfeuchtigkeit und die Innentemperatur der Maschine intuitiv ®πberwachen k?nnen.

Hohe Effizienz f®πr Schnelle und Leise Entfeuchtung: Der Luftentfeuchter entfernt Feuchtigkeit schnell und leise mit fortschrittlicher Halbleitertechnologie und einem gro?en 99-Unzen-Wassertank. Die Luftentfeuchter haben eine maximale Entfeuchtungsfl?che von bis zu 800 Quadratfu?. Sie absorbieren effektiv bis zu 49 Unzen ®πbersch®πssige Feuchtigkeit pro Tag (getestet bei 77 °„F, 85 % relativer Luftfeuchtigkeit) und reduzieren schnell die Luftfeuchtigkeit im Raum. Sie m®πssen keine feuchten Tage mehr ertragen und k?nnen ein angenehmes Wohnklima genie?en.

Produktinformationen:

Produktname: Kleiner Luftentfeuchter
Seriennummer: GB-0828
Fassungsverm?gen des Wassertanks: 2600ml
Leistung: 90W
Produktgewicht: 2,17 kg
Produktgr??e: 36 * 21 * 15 cm
Packma?: 37 * 22 * 16 cm
Verpackungsgewicht: 2,5 kg
Packliste: 1 * Luftentfeuchter, 1 * Netzteil, 1 * Bedienungsanleitung""",219.99,2,https://i.postimg.cc/15zFGfLm/1.jpg,Tekoo,6265840046227,8werkdagen
